listing name,image location ,,SKU code
monaco socks pack of 3 black adult,products\images\Monaco.png,,PO3S45698
netherlands socks pack of 3 black adult,products\images\netherlands.png,,PO3S45699
north macedonia socks pack of 3 black adult,products\images\North Macedonia.png,,PO3S45700
norway socks pack of 3 black adult,products\images\norway.png,,PO3S45701
portugalsocks pack of 3 black adult,products\images\portugal.png,,PO3S45702
romania socks pack of 3 black adult,products\images\romania.png,,PO3S45703
russia socks pack of 3 black adult,products\images\Russia.png,,PO3S45704
san marinosocks pack of 3 black adult,products\images\San Marino.png,,PO3S45705
serbia socks pack of 3 black adult,products\images\serbia.png,,PO3S45706
slovakia socks pack of 3 black adult,products\images\slovakia.png,,PO3S45707
slovenia socks pack of 3 black adult,products\images\slovenia.png,,PO3S45708
spain socks pack of 3 black adult,products\images\spain.png,,PO3S45709
sweden socks pack of 3 black adult,products\images\sweden.png,,PO3S45710
switzerland socks pack of 3 black adult,products\images\Switzerland.png,,PO3S45711
ukraine socks pack of 3 black adult,products\images\ukraine.png,,PO3S45712
united kingdom socks pack of 3 black adult,products\images\united kingdom.png,,PO3S45713
albania socks pack of 3 black adult,products\images\Albania.png,,PO3S45714
andorra socks pack of 3 black adult,products\images\Andorra.png,,PO3S45715
austria socks pack of 3 black adult,products\images\austria logo.png,,PO3S45716
belarus socks pack of 3 black adult,products\images\belarus.png,,PO3S45717
belgium socks pack of 3 black adult,products\images\belgium.png,,PO3S45718
bosnia and herzegovina socks pack of 3 black adult,products\images\Bosnia and Herzegovina.png,,PO3S45719
bulgaria socks pack of 3 black adult,products\images\bulgaria.png,,PO3S45720
germany socks pack of 3 black adult,products\images\germany.png,,PO3S45721
greece socks pack of 3 black adult,products\images\greece.png,,PO3S45722
holyn see vatican socks pack of 3 black adult,products\images\Holy See Vatican.png,,PO3S45723
hungary socks pack of 3 black adult,products\images\hungary.png,,PO3S45724
iceland socks pack of 3 black adult,products\images\iceland.png,,PO3S45725
latvia socks pack of 3 black adult,products\images\Latvia.png,,PO3S45726
liechtenstein socks pack of 3 black adult,products\images\Liechtenstein.png,,PO3S45727
luxembourgh socks pack of 3 black adult,products\images\Luxembourg.png,,PO3S45728
Malta socks pack of 3 black adult,products\images\Malta.png,,PO3S45729
moldova socks pack of 3 black adult,products\images\Moldova.png,,PO3S45730
montenegro socks pack of 3 black,products\images\Montenegro.png,,PO3S45731
