product_name,product_name,product_name,product_image
1x White mug 30 years old today birthday gift ,Black Socks 30 years old today birthday gift ,Black beanie hat 30 years old today birthday gift ,products\images\rabbit.png
White mug fifty years old birthday gift,Pack of two socks fifty years old birthday gift,Black Beanie hat fifty years old birthday gift,products\images\rabbit.png
Seventy years old white mug birthday gift,Pack of 2 socks Seventy years old birthday gift,Seventy years old Beanie hat birthday gift,products\images\rabbit.png
Eighty years old white mug birthday gift,Pack of two socks black Eighty years old  birthday gift,Black beanie hat Eighty years old birthday gift,products\images\snail.png
That makes me 50 years old Mug birthday gift,That makes me 50 years old Pack of two socks birthday gift,That makes me 50 years old beanie hat birthday gift,products\images\snail.png
Mug best tinder match ever valentines day gift,Pack of Two pairs socks best tinder match ever valentines day gift,Beanie hat best tinder match ever valentines day gift,products\images\snail.png
White mug best bumble match ever valentines day gift,Pack of two socks best bumble match ever valentines day gift,Black beanie hat best bumble match ever valentines day gift,products\images\bird.png
white mug two years down forever to go valentines day gift,Pack of two socks two years down forever to go valentines day gift,beanie hat two years down forever to go valentines day gift,products\images\bird.png
White Mug monkey gift for him or her,Pack of two socks monkey gift for him or her,Black beanie hat monkey gift for him or her,products\images\bird.png
white mug wolf gift for any occasion,pack of two socks wolf gift for any occasion,Beanie hat wolf gift for any occasion,products\images\cat.png
white mug buffalo gift for him or her any occasion,Pack of two socks buffalo gift for him or her any occasion,Black beanie hat buffalo gift for him or her any occasion,products\images\cat.png
white mug pig gift for her any occasion,pack of two socks pig gift for her any occasion,black beanie hat pig gift for her any occasion,products\images\cat.png
Baseball always trending white mug gift for him very nice,Baseball always trending pack of two black socks gift for him very nice,Baseball always trending black beanie hat gift for him very nice,products\images\dog.png
Baseball takes balls white mug birthday gift for anyone,Baseball takes balls pack of two socks birthday gift for anyone,Baseball takes balls black beanie hat birthday gift for anyone,products\images\dog.png
baseball fan number one white mug birthday gift for anyone,baseball fan number one pack of two socks birthday gift for anyone,baseball fan number one black beanie hat birthday gift for anyone,products\images\dog.png
mug skull in flames biker gift motorcycle rider birthday ,pack of two socks skull in flames biker gift motorcycle rider birthday ,beanie hat skull in flames biker gift motorcycle rider birthday ,products\images\paws.png
mug the last knight devide we fall birthday gift for biker,pack of two socks the last knight devide we fall birthday gift for biker,beanie hat the last knight devide we fall birthday gift for biker,products\images\paws.png
mug weird looking design gift for biker for birthday gift,pack of two socks weird looking design gift for biker for birthday gift,beanie hat weird looking design gift for biker for birthday gift,products\images\paws.png
